<custom__type__definition>
  <version>5.2.0.0</version>
  <typeName class="org.mule.common.metadata.DefaultMetaDataKey">
    <id>american-flights-json</id>
    <displayName>american-flights-json</displayName>
    <category>DEFAULT</category>
    <metaDataKeyPropertiesManager>
      <properties>
        <org.mule.common.metadata.key.property.dsql.DsqlFromMetaDataKeyProperty/>
      </properties>
    </metaDataKeyPropertiesManager>
  </typeName>
  <metadataModel class="org.mule.common.metadata.DefaultListMetaDataModel">
    <dataType>LIST</dataType>
    <metaDataModelPropertiesManager>
      <properties>
        <org.mule.common.metadata.property.TextBasedExampleMetaDataModelProperty>
          <exampleContent>/Users/jeanette.stallons/Google Drive/Shared Training Docs/Portfolio/Course Development/Courses/Development/APDevFundamentals/V3 APDev - Fundamentals (3.8) CURRENT/V3.3 APDev - Fundamentals (3.8.3) INDEV /APFundamentals3.8_studentFiles/schemas-and-examples/american-flights-example.json</exampleContent>
        </org.mule.common.metadata.property.TextBasedExampleMetaDataModelProperty>
        <org.mule.tooling.metadata.properties.DefinitionEditorModeType>
          <mode>EXAMPLE</mode>
          <path>/Users/jeanette.stallons/Google Drive/Shared Training Docs/Portfolio/Course Development/Courses/Development/APDevFundamentals/V3 APDev - Fundamentals (3.8) CURRENT/V3.3 APDev - Fundamentals (3.8.3) INDEV /APFundamentals3.8_studentFiles/schemas-and-examples/american-flights-example.json</path>
        </org.mule.tooling.metadata.properties.DefinitionEditorModeType>
      </properties>
    </metaDataModelPropertiesManager>
    <model class="org.mule.common.metadata.DefaultStructuredMetadataModel">
      <dataType>JSON</dataType>
      <metaDataModelPropertiesManager>
        <properties/>
      </metaDataModelPropertiesManager>
      <fields>
        <org.mule.common.metadata.DefaultMetaDataField>
          <name>ID</name>
          <model class="org.mule.common.metadata.DefaultSimpleMetaDataModel">
            <dataType>INTEGER</dataType>
            <metaDataModelPropertiesManager>
              <properties/>
            </metaDataModelPropertiesManager>
          </model>
          <accessType>READ_WRITE</accessType>
          <metaDataFieldPropertyManager>
            <properties>
              <org.mule.common.metadata.field.property.dsql.DsqlSelectMetaDataFieldProperty/>
              <org.mule.common.metadata.field.property.dsql.DsqlWhereMetaDataFieldProperty/>
              <org.mule.common.metadata.field.property.dsql.DsqlOrderMetaDataFieldProperty/>
              <org.mule.common.metadata.field.property.dsql.DsqlQueryOperatorsMetaDataFieldProperty>
                <supportedOperators>
                  <org.mule.common.query.expression.LessOperator/>
                  <org.mule.common.query.expression.LessOrEqualsOperator/>
                  <org.mule.common.query.expression.EqualsOperator/>
                  <org.mule.common.query.expression.GreaterOperator/>
                  <org.mule.common.query.expression.GreaterOrEqualsOperator/>
                  <org.mule.common.query.expression.NotEqualsOperator/>
                </supportedOperators>
              </org.mule.common.metadata.field.property.dsql.DsqlQueryOperatorsMetaDataFieldProperty>
            </properties>
          </metaDataFieldPropertyManager>
        </org.mule.common.metadata.DefaultMetaDataField>
        <org.mule.common.metadata.DefaultMetaDataField>
          <name>code</name>
          <model class="org.mule.common.metadata.DefaultSimpleMetaDataModel">
            <dataType>STRING</dataType>
            <metaDataModelPropertiesManager>
              <properties/>
            </metaDataModelPropertiesManager>
          </model>
          <accessType>READ_WRITE</accessType>
          <metaDataFieldPropertyManager>
            <properties>
              <org.mule.common.metadata.field.property.dsql.DsqlSelectMetaDataFieldProperty/>
              <org.mule.common.metadata.field.property.dsql.DsqlWhereMetaDataFieldProperty/>
              <org.mule.common.metadata.field.property.dsql.DsqlOrderMetaDataFieldProperty/>
              <org.mule.common.metadata.field.property.dsql.DsqlQueryOperatorsMetaDataFieldProperty>
                <supportedOperators>
                  <org.mule.common.query.expression.LessOperator/>
                  <org.mule.common.query.expression.LessOrEqualsOperator/>
                  <org.mule.common.query.expression.EqualsOperator/>
                  <org.mule.common.query.expression.GreaterOperator/>
                  <org.mule.common.query.expression.GreaterOrEqualsOperator/>
                  <org.mule.common.query.expression.NotEqualsOperator/>
                  <org.mule.common.query.expression.LikeOperator/>
                </supportedOperators>
              </org.mule.common.metadata.field.property.dsql.DsqlQueryOperatorsMetaDataFieldProperty>
            </properties>
          </metaDataFieldPropertyManager>
        </org.mule.common.metadata.DefaultMetaDataField>
        <org.mule.common.metadata.DefaultMetaDataField>
          <name>price</name>
          <model class="org.mule.common.metadata.DefaultSimpleMetaDataModel">
            <dataType>INTEGER</dataType>
            <metaDataModelPropertiesManager>
              <properties/>
            </metaDataModelPropertiesManager>
          </model>
          <accessType>READ_WRITE</accessType>
          <metaDataFieldPropertyManager>
            <properties>
              <org.mule.common.metadata.field.property.dsql.DsqlSelectMetaDataFieldProperty/>
              <org.mule.common.metadata.field.property.dsql.DsqlWhereMetaDataFieldProperty/>
              <org.mule.common.metadata.field.property.dsql.DsqlOrderMetaDataFieldProperty/>
              <org.mule.common.metadata.field.property.dsql.DsqlQueryOperatorsMetaDataFieldProperty>
                <supportedOperators>
                  <org.mule.common.query.expression.LessOperator/>
                  <org.mule.common.query.expression.LessOrEqualsOperator/>
                  <org.mule.common.query.expression.EqualsOperator/>
                  <org.mule.common.query.expression.GreaterOperator/>
                  <org.mule.common.query.expression.GreaterOrEqualsOperator/>
                  <org.mule.common.query.expression.NotEqualsOperator/>
                </supportedOperators>
              </org.mule.common.metadata.field.property.dsql.DsqlQueryOperatorsMetaDataFieldProperty>
            </properties>
          </metaDataFieldPropertyManager>
        </org.mule.common.metadata.DefaultMetaDataField>
        <org.mule.common.metadata.DefaultMetaDataField>
          <name>departureDate</name>
          <model class="org.mule.common.metadata.DefaultSimpleMetaDataModel">
            <dataType>STRING</dataType>
            <metaDataModelPropertiesManager>
              <properties/>
            </metaDataModelPropertiesManager>
          </model>
          <accessType>READ_WRITE</accessType>
          <metaDataFieldPropertyManager>
            <properties>
              <org.mule.common.metadata.field.property.dsql.DsqlSelectMetaDataFieldProperty/>
              <org.mule.common.metadata.field.property.dsql.DsqlWhereMetaDataFieldProperty/>
              <org.mule.common.metadata.field.property.dsql.DsqlOrderMetaDataFieldProperty/>
              <org.mule.common.metadata.field.property.dsql.DsqlQueryOperatorsMetaDataFieldProperty>
                <supportedOperators>
                  <org.mule.common.query.expression.LessOperator/>
                  <org.mule.common.query.expression.LessOrEqualsOperator/>
                  <org.mule.common.query.expression.EqualsOperator/>
                  <org.mule.common.query.expression.GreaterOperator/>
                  <org.mule.common.query.expression.GreaterOrEqualsOperator/>
                  <org.mule.common.query.expression.NotEqualsOperator/>
                  <org.mule.common.query.expression.LikeOperator/>
                </supportedOperators>
              </org.mule.common.metadata.field.property.dsql.DsqlQueryOperatorsMetaDataFieldProperty>
            </properties>
          </metaDataFieldPropertyManager>
        </org.mule.common.metadata.DefaultMetaDataField>
        <org.mule.common.metadata.DefaultMetaDataField>
          <name>origin</name>
          <model class="org.mule.common.metadata.DefaultSimpleMetaDataModel">
            <dataType>STRING</dataType>
            <metaDataModelPropertiesManager>
              <properties/>
            </metaDataModelPropertiesManager>
          </model>
          <accessType>READ_WRITE</accessType>
          <metaDataFieldPropertyManager>
            <properties>
              <org.mule.common.metadata.field.property.dsql.DsqlSelectMetaDataFieldProperty/>
              <org.mule.common.metadata.field.property.dsql.DsqlWhereMetaDataFieldProperty/>
              <org.mule.common.metadata.field.property.dsql.DsqlOrderMetaDataFieldProperty/>
              <org.mule.common.metadata.field.property.dsql.DsqlQueryOperatorsMetaDataFieldProperty>
                <supportedOperators>
                  <org.mule.common.query.expression.LessOperator/>
                  <org.mule.common.query.expression.LessOrEqualsOperator/>
                  <org.mule.common.query.expression.EqualsOperator/>
                  <org.mule.common.query.expression.GreaterOperator/>
                  <org.mule.common.query.expression.GreaterOrEqualsOperator/>
                  <org.mule.common.query.expression.NotEqualsOperator/>
                  <org.mule.common.query.expression.LikeOperator/>
                </supportedOperators>
              </org.mule.common.metadata.field.property.dsql.DsqlQueryOperatorsMetaDataFieldProperty>
            </properties>
          </metaDataFieldPropertyManager>
        </org.mule.common.metadata.DefaultMetaDataField>
        <org.mule.common.metadata.DefaultMetaDataField>
          <name>destination</name>
          <model class="org.mule.common.metadata.DefaultSimpleMetaDataModel">
            <dataType>STRING</dataType>
            <metaDataModelPropertiesManager>
              <properties/>
            </metaDataModelPropertiesManager>
          </model>
          <accessType>READ_WRITE</accessType>
          <metaDataFieldPropertyManager>
            <properties>
              <org.mule.common.metadata.field.property.dsql.DsqlSelectMetaDataFieldProperty/>
              <org.mule.common.metadata.field.property.dsql.DsqlWhereMetaDataFieldProperty/>
              <org.mule.common.metadata.field.property.dsql.DsqlOrderMetaDataFieldProperty/>
              <org.mule.common.metadata.field.property.dsql.DsqlQueryOperatorsMetaDataFieldProperty>
                <supportedOperators>
                  <org.mule.common.query.expression.LessOperator/>
                  <org.mule.common.query.expression.LessOrEqualsOperator/>
                  <org.mule.common.query.expression.EqualsOperator/>
                  <org.mule.common.query.expression.GreaterOperator/>
                  <org.mule.common.query.expression.GreaterOrEqualsOperator/>
                  <org.mule.common.query.expression.NotEqualsOperator/>
                  <org.mule.common.query.expression.LikeOperator/>
                </supportedOperators>
              </org.mule.common.metadata.field.property.dsql.DsqlQueryOperatorsMetaDataFieldProperty>
            </properties>
          </metaDataFieldPropertyManager>
        </org.mule.common.metadata.DefaultMetaDataField>
        <org.mule.common.metadata.DefaultMetaDataField>
          <name>emptySeats</name>
          <model class="org.mule.common.metadata.DefaultSimpleMetaDataModel">
            <dataType>INTEGER</dataType>
            <metaDataModelPropertiesManager>
              <properties/>
            </metaDataModelPropertiesManager>
          </model>
          <accessType>READ_WRITE</accessType>
          <metaDataFieldPropertyManager>
            <properties>
              <org.mule.common.metadata.field.property.dsql.DsqlSelectMetaDataFieldProperty/>
              <org.mule.common.metadata.field.property.dsql.DsqlWhereMetaDataFieldProperty/>
              <org.mule.common.metadata.field.property.dsql.DsqlOrderMetaDataFieldProperty/>
              <org.mule.common.metadata.field.property.dsql.DsqlQueryOperatorsMetaDataFieldProperty>
                <supportedOperators>
                  <org.mule.common.query.expression.LessOperator/>
                  <org.mule.common.query.expression.LessOrEqualsOperator/>
                  <org.mule.common.query.expression.EqualsOperator/>
                  <org.mule.common.query.expression.GreaterOperator/>
                  <org.mule.common.query.expression.GreaterOrEqualsOperator/>
                  <org.mule.common.query.expression.NotEqualsOperator/>
                </supportedOperators>
              </org.mule.common.metadata.field.property.dsql.DsqlQueryOperatorsMetaDataFieldProperty>
            </properties>
          </metaDataFieldPropertyManager>
        </org.mule.common.metadata.DefaultMetaDataField>
        <org.mule.common.metadata.DefaultMetaDataField>
          <name>plane</name>
          <model class="org.mule.common.metadata.DefaultStructuredMetadataModel">
            <dataType>JSON</dataType>
            <metaDataModelPropertiesManager>
              <properties/>
            </metaDataModelPropertiesManager>
            <fields>
              <org.mule.common.metadata.DefaultMetaDataField>
                <name>type</name>
                <model class="org.mule.common.metadata.DefaultSimpleMetaDataModel">
                  <dataType>STRING</dataType>
                  <metaDataModelPropertiesManager>
                    <properties/>
                  </metaDataModelPropertiesManager>
                </model>
                <accessType>READ_WRITE</accessType>
                <metaDataFieldPropertyManager>
                  <properties>
                    <org.mule.common.metadata.field.property.dsql.DsqlSelectMetaDataFieldProperty/>
                    <org.mule.common.metadata.field.property.dsql.DsqlWhereMetaDataFieldProperty/>
                    <org.mule.common.metadata.field.property.dsql.DsqlOrderMetaDataFieldProperty/>
                    <org.mule.common.metadata.field.property.dsql.DsqlQueryOperatorsMetaDataFieldProperty>
                      <supportedOperators>
                        <org.mule.common.query.expression.LessOperator/>
                        <org.mule.common.query.expression.LessOrEqualsOperator/>
                        <org.mule.common.query.expression.EqualsOperator/>
                        <org.mule.common.query.expression.GreaterOperator/>
                        <org.mule.common.query.expression.GreaterOrEqualsOperator/>
                        <org.mule.common.query.expression.NotEqualsOperator/>
                        <org.mule.common.query.expression.LikeOperator/>
                      </supportedOperators>
                    </org.mule.common.metadata.field.property.dsql.DsqlQueryOperatorsMetaDataFieldProperty>
                  </properties>
                </metaDataFieldPropertyManager>
              </org.mule.common.metadata.DefaultMetaDataField>
              <org.mule.common.metadata.DefaultMetaDataField>
                <name>totalSeats</name>
                <model class="org.mule.common.metadata.DefaultSimpleMetaDataModel">
                  <dataType>INTEGER</dataType>
                  <metaDataModelPropertiesManager>
                    <properties/>
                  </metaDataModelPropertiesManager>
                </model>
                <accessType>READ_WRITE</accessType>
                <metaDataFieldPropertyManager>
                  <properties>
                    <org.mule.common.metadata.field.property.dsql.DsqlSelectMetaDataFieldProperty/>
                    <org.mule.common.metadata.field.property.dsql.DsqlWhereMetaDataFieldProperty/>
                    <org.mule.common.metadata.field.property.dsql.DsqlOrderMetaDataFieldProperty/>
                    <org.mule.common.metadata.field.property.dsql.DsqlQueryOperatorsMetaDataFieldProperty>
                      <supportedOperators>
                        <org.mule.common.query.expression.LessOperator/>
                        <org.mule.common.query.expression.LessOrEqualsOperator/>
                        <org.mule.common.query.expression.EqualsOperator/>
                        <org.mule.common.query.expression.GreaterOperator/>
                        <org.mule.common.query.expression.GreaterOrEqualsOperator/>
                        <org.mule.common.query.expression.NotEqualsOperator/>
                      </supportedOperators>
                    </org.mule.common.metadata.field.property.dsql.DsqlQueryOperatorsMetaDataFieldProperty>
                  </properties>
                </metaDataFieldPropertyManager>
              </org.mule.common.metadata.DefaultMetaDataField>
            </fields>
          </model>
          <accessType>READ_WRITE</accessType>
          <metaDataFieldPropertyManager>
            <properties>
              <org.mule.common.metadata.field.property.dsql.DsqlSelectMetaDataFieldProperty/>
              <org.mule.common.metadata.field.property.dsql.DsqlWhereMetaDataFieldProperty/>
              <org.mule.common.metadata.field.property.dsql.DsqlOrderMetaDataFieldProperty/>
              <org.mule.common.metadata.field.property.dsql.DsqlQueryOperatorsMetaDataFieldProperty>
                <supportedOperators/>
              </org.mule.common.metadata.field.property.dsql.DsqlQueryOperatorsMetaDataFieldProperty>
            </properties>
          </metaDataFieldPropertyManager>
        </org.mule.common.metadata.DefaultMetaDataField>
      </fields>
    </model>
    <isArray>false</isArray>
  </metadataModel>
</custom__type__definition>