{
  "required" : true ,
  "$schema" : "http://json-schema.org/draft-03/schema" ,
  "type" : "object" ,
  "properties" : {
    "status" : {
      "type" : "string" ,
      "required" : false
    } ,
    "summary" : {
      "type" : "string" ,
      "required" : false
    } ,
    "description" : {
      "type" : "string" ,
      "required" : false
    } ,
    "location" : {
      "type" : "string" ,
      "required" : false
    } ,
    "colorId" : {
      "type" : "string" ,
      "required" : false
    } ,
    "creator" : {
      "type" : "object" ,
      "required" : false ,
      "properties" : {
        "id" : {
          "type" : "string" ,
          "required" : false
        } ,
        "email" : {
          "type" : "string" ,
          "required" : false
        } ,
        "displayName" : {
          "type" : "string" ,
          "required" : false
        } ,
        "self" : {
          "type" : "string" ,
          "required" : false
        }
      }
    } ,
    "organizer" : {
      "type" : "object" ,
      "required" : false ,
      "properties" : {
        "id" : {
          "type" : "string" ,
          "required" : false
        } ,
        "email" : {
          "type" : "string" ,
          "required" : false
        } ,
        "displayName" : {
          "type" : "string" ,
          "required" : false
        } ,
        "self" : {
          "type" : "string" ,
          "required" : false
        }
      }
    } ,
    "start" : {
      "type" : "object" ,
      "required" : false ,
      "properties" : {
        "date" : {
          "type" : "string" ,
          "required" : false
        } ,
        "dateTime" : {
          "type" : "string" ,
          "required" : false
        } ,
        "timeZone" : {
          "type" : "string" ,
          "required" : false
        }
      }
    } ,
    "end" : {
      "type" : "object" ,
      "required" : false ,
      "properties" : {
        "date" : {
          "type" : "string" ,
          "required" : false
        } ,
        "dateTime" : {
          "type" : "string" ,
          "required" : false
        } ,
        "timeZone" : {
          "type" : "string" ,
          "required" : false
        }
      }
    } ,
    "endTimeUnspecified" : {
      "type" : "string" ,
      "required" : false
    } ,
    "recurrence" : {
      "type" : "array" ,
      "required" : false ,
      "items" : [
        {
          "type" : "string"
        }
      ]
    } ,
    "recurringEventId" : {
      "type" : "string" ,
      "required" : false
    } ,
    "originalStartTime" : {
      "type" : "object" ,
      "required" : false ,
      "properties" : {
        "date" : {
          "type" : "string" ,
          "required" : false
        } ,
        "dateTime" : {
          "type" : "string" ,
          "required" : false
        } ,
        "timeZone" : {
          "type" : "string" ,
          "required" : false
        }
      }
    } ,
    "transparency" : {
      "type" : "string" ,
      "required" : false
    } ,
    "visibility" : {
      "type" : "string" ,
      "required" : false
    } ,
    "iCalUID" : {
      "type" : "string" ,
      "required" : false
    } ,
    "sequence" : {
      "type" : "string" ,
      "required" : false
    } ,
    "attendees" : {
      "type" : "array" ,
      "required" : false ,
      "items" : [
        {
          "type" : "object" ,
          "properties" : {
            "id" : {
              "type" : "string" ,
              "required" : false
            } ,
            "email" : {
              "type" : "string" ,
              "required" : false
            } ,
            "displayName" : {
              "type" : "string" ,
              "required" : false
            } ,
            "organizer" : {
              "type" : "string" ,
              "required" : false
            } ,
            "self" : {
              "type" : "string" ,
              "required" : false
            } ,
            "resource" : {
              "type" : "string" ,
              "required" : false
            } ,
            "optional" : {
              "type" : "string" ,
              "required" : false
            } ,
            "responseStatus" : {
              "type" : "string" ,
              "required" : false
            } ,
            "comment" : {
              "type" : "string" ,
              "required" : false
            } ,
            "additionalGuests" : {
              "type" : "string" ,
              "required" : false
            }
          }
        }
      ]
    } ,
    "attendeesOmitted" : {
      "type" : "string" ,
      "required" : false
    } ,
    "extendedProperties" : {
      "type" : "object" ,
      "required" : false ,
      "properties" : {
        "private" : {
          "type" : "object" ,
          "required" : false ,
          "properties" : {
            "(key)" : {
              "type" : "string" ,
              "required" : false
            }
          }
        } ,
        "shared" : {
          "type" : "object" ,
          "required" : false ,
          "properties" : {
            "(key)" : {
              "type" : "string" ,
              "required" : false
            }
          }
        }
      }
    } ,
    "hangoutLink" : {
      "type" : "string" ,
      "required" : false
    } ,
    "gadget" : {
      "type" : "object" ,
      "required" : false ,
      "properties" : {
        "type" : {
          "type" : "string" ,
          "required" : false
        } ,
        "title" : {
          "type" : "string" ,
          "required" : false
        } ,
        "link" : {
          "type" : "string" ,
          "required" : false
        } ,
        "iconLink" : {
          "type" : "string" ,
          "required" : false
        } ,
        "width" : {
          "type" : "string" ,
          "required" : false
        } ,
        "height" : {
          "type" : "string" ,
          "required" : false
        } ,
        "display" : {
          "type" : "string" ,
          "required" : false
        } ,
        "preferences" : {
          "type" : "object" ,
          "required" : false ,
          "properties" : {
            "(key)" : {
              "type" : "string" ,
              "required" : false
            }
          }
        }
      }
    } ,
    "anyoneCanAddSelf" : {
      "type" : "string" ,
      "required" : false
    } ,
    "guestsCanInviteOthers" : {
      "type" : "string" ,
      "required" : false
    } ,
    "guestsCanModify" : {
      "type" : "string" ,
      "required" : false
    } ,
    "guestsCanSeeOtherGuests" : {
      "type" : "string" ,
      "required" : false
    } ,
    "privateCopy" : {
      "type" : "string" ,
      "required" : false
    } ,
    "locked" : {
      "type" : "string" ,
      "required" : false
    } ,
    "reminders" : {
      "type" : "object" ,
      "required" : false ,
      "properties" : {
        "useDefault" : {
          "type" : "string" ,
          "required" : false
        } ,
        "overrides" : {
          "type" : "array" ,
          "required" : false ,
          "items" : [
            {
              "type" : "object" ,
              "properties" : {
                "method" : {
                  "type" : "string" ,
                  "required" : false
                } ,
                "minutes" : {
                  "type" : "string" ,
                  "required" : false
                }
              }
            }
          ]
        }
      }
    } ,
    "source" : {
      "type" : "object" ,
      "required" : false ,
      "properties" : {
        "url" : {
          "type" : "string" ,
          "required" : false
        } ,
        "title" : {
          "type" : "string" ,
          "required" : false
        }
      }
    }
  }
}