<?xml version="1.0" encoding="UTF-8"?>

<mule xmlns:db="http://www.mulesoft.org/schema/mule/db" xmlns:json="http://www.mulesoft.org/schema/mule/json" xmlns:http="http://www.mulesoft.org/schema/mule/http" xmlns:tracking="http://www.mulesoft.org/schema/mule/ee/tracking" xmlns="http://www.mulesoft.org/schema/mule/core" xmlns:doc="http://www.mulesoft.org/schema/mule/documentation"
	xmlns:spring="http://www.springframework.org/schema/beans" 
	xmlns:xsi="http://www.w3.org/2001/XMLSchema-instance"
	xsi:schemaLocation="http://www.springframework.org/schema/beans http://www.springframework.org/schema/beans/spring-beans-current.xsd
http://www.mulesoft.org/schema/mule/core http://www.mulesoft.org/schema/mule/core/current/mule.xsd
http://www.mulesoft.org/schema/mule/db http://www.mulesoft.org/schema/mule/db/current/mule-db.xsd
http://www.mulesoft.org/schema/mule/http http://www.mulesoft.org/schema/mule/http/current/mule-http.xsd
http://www.mulesoft.org/schema/mule/ee/tracking http://www.mulesoft.org/schema/mule/ee/tracking/current/mule-tracking-ee.xsd
http://www.mulesoft.org/schema/mule/json http://www.mulesoft.org/schema/mule/json/current/mule-json.xsd">
    <http:listener-config name="HTTP_Listener_Configuration" host="0.0.0.0" port="8081" doc:name="HTTP Listener Configuration"/>
    <db:mysql-config name="MySQL_Configuration" host="localhost" port="3306" user="root" password="Welcome123" database="student" doc:name="MySQL Configuration"/>
    <flow name="employee_getinfo">
        <http:listener config-ref="HTTP_Listener_Configuration" path="/getemployees" allowedMethods="GET" doc:name="HTTP"/>
        <db:select config-ref="MySQL_Configuration" doc:name="Database">
            <db:parameterized-query><![CDATA[select * from employees]]></db:parameterized-query>
        </db:select>
        <json:object-to-json-transformer doc:name="Object to JSON"/>
    </flow>
    <flow name="employee_crud_getbyid">
        <http:listener config-ref="HTTP_Listener_Configuration" path="/getemployees/{var}" allowedMethods="GET" doc:name="HTTP"/>
        <logger message="#[message.inboundProperties.'http.uri.params'.var]" level="INFO" doc:name="Logger"/>
        <db:select config-ref="MySQL_Configuration" doc:name="Database">
            <db:parameterized-query><![CDATA[select * from employees e where e.id=#[message.inboundProperties.'http.uri.params'.var]]]></db:parameterized-query>
        </db:select>
        <json:object-to-json-transformer doc:name="Object to JSON"/>
    </flow>
    <flow name="employee_crud_insert">
        <http:listener config-ref="HTTP_Listener_Configuration" path="/insertemployee" allowedMethods="POST" doc:name="HTTP"/>
        <json:json-to-object-transformer returnClass="java.util.HashMap" doc:name="JSON to Object"/>
        <db:insert config-ref="MySQL_Configuration" doc:name="Database">
            <db:parameterized-query><![CDATA[insert into employees(id,age,name,salary)values(#[payload.id],#[payload.age],#[payload.name],#[payload.salary])]]></db:parameterized-query>
        </db:insert>
        <set-payload value="{'status':'employees inserted successfully'}" doc:name="Set Payload"/>
    </flow>
    <flow name="employee_crud_delete">
        <http:listener config-ref="HTTP_Listener_Configuration" path="/deleteemployee/{var}" allowedMethods="DELETE" doc:name="HTTP"/>
        <db:delete config-ref="MySQL_Configuration" doc:name="Database">
            <db:parameterized-query><![CDATA[delete from employees where id=#[message.inboundProperties.'http.uri.params'.var]]]></db:parameterized-query>
        </db:delete>
        <set-payload value="{'status':'employee deleted successfully'}" doc:name="Set Payload"/>
    </flow>
    <flow name="employee_crud_restFlow">
        <http:listener config-ref="HTTP_Listener_Configuration" path="/updateemployee/{var}" allowedMethods="PUT" doc:name="HTTP"/>
        <json:json-to-object-transformer returnClass="java.util.HashMap" doc:name="JSON to Object"/>
        <db:update config-ref="MySQL_Configuration" doc:name="Database">
            <db:parameterized-query><![CDATA[update employees(id,age,name,salary)values(#[payload.id],#[payload.age],#[payload.name],#[payload.salary])]]></db:parameterized-query>
        </db:update>
    </flow>
</mule>
